{
  "ABIRoot": {
    "kind": "Root",
    "name": "TopLevel",
    "printedName": "TopLevel",
    "children": [
      {
        "kind": "Import",
        "name": "Foundation",
        "printedName": "Foundation",
        "declKind": "Import",
        "moduleName": "RandomCars",
        "declAttributes": [
          "RawDocComment"
        ]
      },
      {
        "kind": "TypeDecl",
        "name": "RandomCarGenerator",
        "printedName": "RandomCarGenerator",
        "children": [
          {
            "kind": "Constructor",
            "name": "init",
            "printedName": "init()",
            "children": [
              {
                "kind": "TypeNominal",
                "name": "RandomCarGenerator",
                "printedName": "RandomCars.RandomCarGenerator",
                "usr": "s:10RandomCars0A12CarGeneratorC"
              }
            ],
            "declKind": "Constructor",
            "usr": "s:10RandomCars0A12CarGeneratorCACycfc",
            "mangledName": "$s10RandomCars0A12CarGeneratorCACycfc",
            "moduleName": "RandomCars",
            "declAttributes": [
              "AccessControl"
            ],
            "init_kind": "Designated"
          },
          {
            "kind": "Function",
            "name": "getRandomCar",
            "printedName": "getRandomCar()",
            "children": [
              {
                "kind": "TypeNominal",
                "name": "Cars",
                "printedName": "RandomCars.Cars",
                "usr": "s:10RandomCars0B0O"
              }
            ],
            "declKind": "Func",
            "usr": "s:10RandomCars0A12CarGeneratorC03getaC0AA0B0OyF",
            "mangledName": "$s10RandomCars0A12CarGeneratorC03getaC0AA0B0OyF",
            "moduleName": "RandomCars",
            "isOpen": true,
            "declAttributes": [
              "AccessControl"
            ],
            "funcSelfKind": "NonMutating"
          }
        ],
        "declKind": "Class",
        "usr": "s:10RandomCars0A12CarGeneratorC",
        "mangledName": "$s10RandomCars0A12CarGeneratorC",
        "moduleName": "RandomCars",
        "isOpen": true,
        "declAttributes": [
          "AccessControl"
        ]
      },
      {
        "kind": "TypeDecl",
        "name": "Cars",
        "printedName": "Cars",
        "children": [
          {
            "kind": "Var",
            "name": "Toyota",
            "printedName": "Toyota",
            "children": [
              {
                "kind": "TypeFunc",
                "name": "Function",
                "printedName": "(RandomCars.Cars.Type) -> RandomCars.Cars",
                "children": [
                  {
                    "kind": "TypeNominal",
                    "name": "Cars",
                    "printedName": "RandomCars.Cars",
                    "usr": "s:10RandomCars0B0O"
                  },
                  {
                    "kind": "TypeNominal",
                    "name": "Metatype",
                    "printedName": "RandomCars.Cars.Type",
                    "children": [
                      {
                        "kind": "TypeNominal",
                        "name": "Cars",
                        "printedName": "RandomCars.Cars",
                        "usr": "s:10RandomCars0B0O"
                      }
                    ]
                  }
                ]
              }
            ],
            "declKind": "EnumElement",
            "usr": "s:10RandomCars0B0O6ToyotayA2CmF",
            "mangledName": "$s10RandomCars0B0O6ToyotayA2CmF",
            "moduleName": "RandomCars"
          },
          {
            "kind": "Var",
            "name": "Honda",
            "printedName": "Honda",
            "children": [
              {
                "kind": "TypeFunc",
                "name": "Function",
                "printedName": "(RandomCars.Cars.Type) -> RandomCars.Cars",
                "children": [
                  {
                    "kind": "TypeNominal",
                    "name": "Cars",
                    "printedName": "RandomCars.Cars",
                    "usr": "s:10RandomCars0B0O"
                  },
                  {
                    "kind": "TypeNominal",
                    "name": "Metatype",
                    "printedName": "RandomCars.Cars.Type",
                    "children": [
                      {
                        "kind": "TypeNominal",
                        "name": "Cars",
                        "printedName": "RandomCars.Cars",
                        "usr": "s:10RandomCars0B0O"
                      }
                    ]
                  }
                ]
              }
            ],
            "declKind": "EnumElement",
            "usr": "s:10RandomCars0B0O5HondayA2CmF",
            "mangledName": "$s10RandomCars0B0O5HondayA2CmF",
            "moduleName": "RandomCars"
          },
          {
            "kind": "Var",
            "name": "Tesla",
            "printedName": "Tesla",
            "children": [
              {
                "kind": "TypeFunc",
                "name": "Function",
                "printedName": "(RandomCars.Cars.Type) -> RandomCars.Cars",
                "children": [
                  {
                    "kind": "TypeNominal",
                    "name": "Cars",
                    "printedName": "RandomCars.Cars",
                    "usr": "s:10RandomCars0B0O"
                  },
                  {
                    "kind": "TypeNominal",
                    "name": "Metatype",
                    "printedName": "RandomCars.Cars.Type",
                    "children": [
                      {
                        "kind": "TypeNominal",
                        "name": "Cars",
                        "printedName": "RandomCars.Cars",
                        "usr": "s:10RandomCars0B0O"
                      }
                    ]
                  }
                ]
              }
            ],
            "declKind": "EnumElement",
            "usr": "s:10RandomCars0B0O5TeslayA2CmF",
            "mangledName": "$s10RandomCars0B0O5TeslayA2CmF",
            "moduleName": "RandomCars"
          },
          {
            "kind": "Var",
            "name": "Mazda",
            "printedName": "Mazda",
            "children": [
              {
                "kind": "TypeFunc",
                "name": "Function",
                "printedName": "(RandomCars.Cars.Type) -> RandomCars.Cars",
                "children": [
                  {
                    "kind": "TypeNominal",
                    "name": "Cars",
                    "printedName": "RandomCars.Cars",
                    "usr": "s:10RandomCars0B0O"
                  },
                  {
                    "kind": "TypeNominal",
                    "name": "Metatype",
                    "printedName": "RandomCars.Cars.Type",
                    "children": [
                      {
                        "kind": "TypeNominal",
                        "name": "Cars",
                        "printedName": "RandomCars.Cars",
                        "usr": "s:10RandomCars0B0O"
                      }
                    ]
                  }
                ]
              }
            ],
            "declKind": "EnumElement",
            "usr": "s:10RandomCars0B0O5MazdayA2CmF",
            "mangledName": "$s10RandomCars0B0O5MazdayA2CmF",
            "moduleName": "RandomCars"
          },
          {
            "kind": "Var",
            "name": "Nissan",
            "printedName": "Nissan",
            "children": [
              {
                "kind": "TypeFunc",
                "name": "Function",
                "printedName": "(RandomCars.Cars.Type) -> RandomCars.Cars",
                "children": [
                  {
                    "kind": "TypeNominal",
                    "name": "Cars",
                    "printedName": "RandomCars.Cars",
                    "usr": "s:10RandomCars0B0O"
                  },
                  {
                    "kind": "TypeNominal",
                    "name": "Metatype",
                    "printedName": "RandomCars.Cars.Type",
                    "children": [
                      {
                        "kind": "TypeNominal",
                        "name": "Cars",
                        "printedName": "RandomCars.Cars",
                        "usr": "s:10RandomCars0B0O"
                      }
                    ]
                  }
                ]
              }
            ],
            "declKind": "EnumElement",
            "usr": "s:10RandomCars0B0O6NissanyA2CmF",
            "mangledName": "$s10RandomCars0B0O6NissanyA2CmF",
            "moduleName": "RandomCars"
          },
          {
            "kind": "Var",
            "name": "Suzuki",
            "printedName": "Suzuki",
            "children": [
              {
                "kind": "TypeFunc",
                "name": "Function",
                "printedName": "(RandomCars.Cars.Type) -> RandomCars.Cars",
                "children": [
                  {
                    "kind": "TypeNominal",
                    "name": "Cars",
                    "printedName": "RandomCars.Cars",
                    "usr": "s:10RandomCars0B0O"
                  },
                  {
                    "kind": "TypeNominal",
                    "name": "Metatype",
                    "printedName": "RandomCars.Cars.Type",
                    "children": [
                      {
                        "kind": "TypeNominal",
                        "name": "Cars",
                        "printedName": "RandomCars.Cars",
                        "usr": "s:10RandomCars0B0O"
                      }
                    ]
                  }
                ]
              }
            ],
            "declKind": "EnumElement",
            "usr": "s:10RandomCars0B0O6SuzukiyA2CmF",
            "mangledName": "$s10RandomCars0B0O6SuzukiyA2CmF",
            "moduleName": "RandomCars"
          },
          {
            "kind": "Function",
            "name": "==",
            "printedName": "==(_:_:)",
            "children": [
              {
                "kind": "TypeNominal",
                "name": "Bool",
                "printedName": "Swift.Bool",
                "usr": "s:Sb"
              },
              {
                "kind": "TypeNominal",
                "name": "Cars",
                "printedName": "RandomCars.Cars",
                "usr": "s:10RandomCars0B0O"
              },
              {
                "kind": "TypeNominal",
                "name": "Cars",
                "printedName": "RandomCars.Cars",
                "usr": "s:10RandomCars0B0O"
              }
            ],
            "declKind": "Func",
            "usr": "s:10RandomCars0B0O2eeoiySbAC_ACtFZ",
            "mangledName": "$s10RandomCars0B0O2eeoiySbAC_ACtFZ",
            "moduleName": "RandomCars",
            "static": true,
            "implicit": true,
            "funcSelfKind": "NonMutating"
          },
          {
            "kind": "Var",
            "name": "hashValue",
            "printedName": "hashValue",
            "children": [
              {
                "kind": "TypeNominal",
                "name": "Int",
                "printedName": "Swift.Int",
                "usr": "s:Si"
              }
            ],
            "declKind": "Var",
            "usr": "s:10RandomCars0B0O9hashValueSivp",
            "mangledName": "$s10RandomCars0B0O9hashValueSivp",
            "moduleName": "RandomCars",
            "implicit": true,
            "accessors": [
              {
                "kind": "Accessor",
                "name": "Get",
                "printedName": "Get()",
                "children": [
                  {
                    "kind": "TypeNominal",
                    "name": "Int",
                    "printedName": "Swift.Int",
                    "usr": "s:Si"
                  }
                ],
                "declKind": "Accessor",
                "usr": "s:10RandomCars0B0O9hashValueSivg",
                "mangledName": "$s10RandomCars0B0O9hashValueSivg",
                "moduleName": "RandomCars",
                "implicit": true,
                "accessorKind": "get"
              }
            ]
          },
          {
            "kind": "Function",
            "name": "hash",
            "printedName": "hash(into:)",
            "children": [
              {
                "kind": "TypeNominal",
                "name": "Void",
                "printedName": "()"
              },
              {
                "kind": "TypeNominal",
                "name": "Hasher",
                "printedName": "Swift.Hasher",
                "paramValueOwnership": "InOut",
                "usr": "s:s6HasherV"
              }
            ],
            "declKind": "Func",
            "usr": "s:10RandomCars0B0O4hash4intoys6HasherVz_tF",
            "mangledName": "$s10RandomCars0B0O4hash4intoys6HasherVz_tF",
            "moduleName": "RandomCars",
            "implicit": true,
            "funcSelfKind": "NonMutating"
          },
          {
            "kind": "Var",
            "name": "allCases",
            "printedName": "allCases",
            "children": [
              {
                "kind": "TypeNominal",
                "name": "Array",
                "printedName": "[RandomCars.Cars]",
                "children": [
                  {
                    "kind": "TypeNominal",
                    "name": "Cars",
                    "printedName": "RandomCars.Cars",
                    "usr": "s:10RandomCars0B0O"
                  }
                ],
                "usr": "s:Sa"
              }
            ],
            "declKind": "Var",
            "usr": "s:10RandomCars0B0O8allCasesSayACGvpZ",
            "mangledName": "$s10RandomCars0B0O8allCasesSayACGvpZ",
            "moduleName": "RandomCars",
            "static": true,
            "implicit": true,
            "accessors": [
              {
                "kind": "Accessor",
                "name": "Get",
                "printedName": "Get()",
                "children": [
                  {
                    "kind": "TypeNominal",
                    "name": "Array",
                    "printedName": "[RandomCars.Cars]",
                    "children": [
                      {
                        "kind": "TypeNominal",
                        "name": "Cars",
                        "printedName": "RandomCars.Cars",
                        "usr": "s:10RandomCars0B0O"
                      }
                    ],
                    "usr": "s:Sa"
                  }
                ],
                "declKind": "Accessor",
                "usr": "s:10RandomCars0B0O8allCasesSayACGvgZ",
                "mangledName": "$s10RandomCars0B0O8allCasesSayACGvgZ",
                "moduleName": "RandomCars",
                "static": true,
                "implicit": true,
                "accessorKind": "get"
              }
            ]
          }
        ],
        "declKind": "Enum",
        "usr": "s:10RandomCars0B0O",
        "mangledName": "$s10RandomCars0B0O",
        "moduleName": "RandomCars",
        "declAttributes": [
          "AccessControl"
        ],
        "conformances": [
          {
            "kind": "Conformance",
            "name": "Equatable",
            "printedName": "Equatable",
            "usr": "s:SQ",
            "mangledName": "$sSQ"
          },
          {
            "kind": "Conformance",
            "name": "Hashable",
            "printedName": "Hashable",
            "usr": "s:SH",
            "mangledName": "$sSH"
          },
          {
            "kind": "Conformance",
            "name": "CaseIterable",
            "printedName": "CaseIterable",
            "children": [
              {
                "kind": "TypeWitness",
                "name": "AllCases",
                "printedName": "AllCases",
                "children": [
                  {
                    "kind": "TypeNominal",
                    "name": "Array",
                    "printedName": "[RandomCars.Cars]",
                    "children": [
                      {
                        "kind": "TypeNominal",
                        "name": "Cars",
                        "printedName": "RandomCars.Cars",
                        "usr": "s:10RandomCars0B0O"
                      }
                    ],
                    "usr": "s:Sa"
                  }
                ]
              }
            ],
            "usr": "s:s12CaseIterableP",
            "mangledName": "$ss12CaseIterableP"
          }
        ]
      }
    ],
    "json_format_version": 8
  },
  "ConstValues": []
}